,LotArea,GrLivArea,BedroomAbvGr,Bathrooms,Predicted_Price
0,11622,896,2,1.0,136911.21918150393
1,14267,1329,3,1.5,173052.79825173982
2,13830,1629,3,2.5,220263.237327578
3,9978,1604,3,2.5,201592.74255490847
4,5005,1280,2,2.0,163862.21167224218
5,10000,1655,3,2.5,205672.08589492625
6,7980,1187,3,2.0,147511.2492094928
7,8402,1465,3,2.5,183894.94552835636
8,10176,1341,2,1.5,178233.02507209915
9,8400,882,2,1.0,121834.17937973229
10,5858,1337,2,2.0,172016.7720035931
11,1680,987,2,1.5,113707.81564338332
12,1680,1092,3,1.5,99912.16407260548
13,2280,1456,3,2.5,156622.525452658
14,2280,836,2,1.0,91680.18523052818
15,12858,2334,3,2.5,271115.82911898545
16,12883,1544,3,2.0,196677.23913494198
17,11520,1698,3,2.0,202791.54623203134
18,14122,1822,3,2.0,223770.44277717953
19,14300,2696,3,2.5,305651.7074477185
20,13650,2250,3,2.5,267991.4390424284
21,7132,1370,2,2.0,180123.70644420423
22,18494,1324,3,2.0,203843.59804019015
23,3203,1145,2,2.0,145496.0380378163
24,13300,1374,3,2.5,198043.72712379636
25,8577,1733,3,2.5,205589.2558866705
26,17433,2475,4,2.5,279987.74585330696
27,8987,1595,2,2.0,205750.24692997665
28,9215,1218,2,2.0,177290.418158835
29,10440,1468,2,2.0,202135.64274215704
30,11920,1659,3,2.5,214317.31609401532
31,9800,1012,2,1.0,138065.10436143467
32,15410,1494,3,2.0,203738.63134264897
33,13143,2349,4,2.5,251526.72546888035
34,11134,2225,4,2.5,233121.43975156487
35,4835,1488,2,2.0,179372.32891939636
36,3515,1680,2,2.5,201477.88440784358
37,3215,1200,2,2.5,162680.70146876364
38,2544,1200,2,2.5,159768.57184738803
39,2544,1236,2,2.5,162580.7109158355
40,2980,1512,2,2.5,186032.67703014697
41,2403,1080,2,2.5,149782.83713346635
42,12853,1418,1,1.5,217863.7405271356
43,7379,1848,3,2.5,209373.17644082103
44,8000,1492,3,2.0,171423.1160078247
45,10456,1829,4,2.0,186409.14044577756
46,10791,2495,4,2.5,252723.86807023853
47,18837,1891,3,3.0,275295.9231424428
48,9600,1645,4,2.0,168320.95844713924
49,9600,1232,3,1.5,145220.93794810516
50,9900,1209,3,1.0,131890.0288632827
51,9680,1510,3,2.0,180120.35955681896
52,10600,1775,3,2.0,204813.6134695506
53,13260,1728,6,2.0,146693.3969812154
54,9724,2461,3,2.0,254598.6592677405
55,17360,1556,3,2.0,217044.72957688145
56,11380,1128,2,1.0,153983.61692127577
57,8267,1604,4,2.0,159333.04512611625
58,8197,1480,3,2.0,171340.7132712647
59,8050,1143,3,1.0,118705.46918581626
60,10725,1206,3,1.0,135236.17118030833
61,10032,1580,3,1.5,174279.8222611811
62,8382,1337,3,1.0,135300.64903060682
63,10950,1064,2,1.0,147118.06522835052
64,10895,972,3,1.0,117695.06460594211
65,13587,988,2,1.0,152625.86640743163
66,7898,985,2,1.0,127701.349479091
67,8064,1224,3,1.0,125093.54187327945
68,7635,1175,3,1.5,132240.31481650134
69,9760,1395,2,1.0,167809.54006944667
70,4800,1844,3,1.0,159359.11631546327
71,4485,936,2,1.0,109061.34853726857
72,5805,1347,3,1.0,124897.65863132813
73,6900,1251,3,1.0,122150.9041786669
74,11851,1633,3,1.0,173478.08771476947
75,8239,1245,3,1.0,127493.45362307907
76,9656,832,2,1.0,123379.45124650277
77,9600,1566,3,2.0,184147.59934512913
78,9000,2268,3,3.0,262052.84053981656
79,9045,2256,4,2.0,213640.51622102864
80,10560,1470,2,1.5,189976.41079455483
81,5830,1612,3,1.5,158542.8864271429
82,7793,2068,3,1.5,202682.70426497413
83,5000,765,2,1.0,97938.7799964329
84,6000,1132,2,1.0,130946.96003237381
85,6000,1196,3,1.5,126784.85456229224
86,6360,1453,3,1.5,148422.79734377872
87,6000,1416,3,1.5,143970.14886947116
88,6240,1040,2,1.0,124801.97870083243
89,6240,1536,4,2.0,145224.07823813224
90,6120,1068,2,1.0,126468.3998323794
91,8094,1962,4,1.5,173711.12849844227
92,12900,1560,3,1.5,185164.59841821142
93,3068,1324,3,1.0,111222.47656075636
94,15263,1675,3,2.0,217239.4639327174
95,10632,1224,3,1.5,149074.88219276158
96,9900,1392,3,1.0,146185.06912789066
97,6001,919,3,1.0,92315.08667484266
98,6449,1884,4,1.5,160478.88596067662
99,6048,1680,2,2.0,199634.80518916177
100,10773,1832,4,2.0,188019.2604649829
101,7800,892,3,1.0,98013.61454765718
102,7832,864,2,1.0,117962.9986309909
103,7424,1373,3,1.0,133955.08291682205
104,11227,1440,4,1.5,146532.2835465946
105,20062,1483,1,1.5,254228.16234069003
106,9259,756,2,1.0,115719.73935367088
107,17082,1981,4,2.5,239875.61406533478
108,18600,1610,4,2.0,204646.79514622892
109,11479,1074,3,1.0,128197.34293358252
110,9350,1531,3,1.0,154656.05903813196
111,9525,1172,3,1.0,127372.28062098616
112,17485,1508,1,1.0,232160.63651350304
113,11200,1298,3,2.0,170156.76153218266
114,11980,1433,1,1.5,215246.65864202759
115,12361,1802,3,2.5,227401.6905725589
116,7360,1222,2,2.0,169552.20674735337
117,14235,1445,3,2.0,194811.5157847887
118,11105,965,2,1.0,140057.38039267325
119,9337,1692,3,2.5,205684.93019238245
120,15240,1026,3,1.5,153606.7660425283
121,7480,876,3,1.0,95374.97991124804
122,10389,1978,3,2.5,232591.47652001184
123,9375,2098,4,2.5,215566.80524502916
124,4435,848,1,1.0,123967.95544151653
125,8777,640,2,1.0,104566.52981062623
126,8842,992,3,1.0,110347.37584298202
127,10044,1196,3,1.0,131499.4919723713
128,11792,1120,2,1.0,155146.77075571928
129,6305,1096,3,1.0,107460.7923926202
130,6410,960,3,1.0,97292.85428774184
131,4853,1296,2,2.0,164452.3736092634
132,7890,856,2,1.0,117589.79794089348
133,7200,2650,6,3.0,218087.6169350775
134,9839,1666,3,1.0,167323.83298125208
135,10452,2133,4,1.5,197302.47260144207
136,15600,2177,5,2.5,226756.56806248368
137,19645,1652,3,2.5,247296.8917894972
138,3907,1034,1,1.0,136205.82879528147
139,3907,1191,2,2.0,152144.6759584506
140,8154,540,1,1.0,116048.94588821105
141,9140,1107,2,1.0,142621.63711165404
142,8712,952,3,1.0,106658.57888880219
143,3811,1646,2,2.0,187270.35066953182
144,11050,1916,3,2.5,230617.07790040193
145,9620,1285,3,2.0,162284.09130706626
146,12760,2048,5,3.0,217190.4403677201
147,11896,1346,3,2.0,176926.90952480325
148,9803,1214,2,2.0,179529.86916751057
149,9802,1444,3,2.5,188330.5094174041
150,15300,1264,2,1.0,181619.9927698752
151,10114,1430,3,2.0,175754.7149140848
152,11875,1344,3,2.0,176679.53990137152
153,2394,945,2,1.0,100689.47564671066
154,1476,1092,3,1.5,99026.80722795476
155,1900,1092,3,1.5,100866.9606697778
156,1890,1092,3,1.5,100823.5608244518
157,6953,874,3,1.0,92931.57811431997
158,12887,833,2,1.0,137480.0562454618
159,7700,2432,4,5.0,298569.0327089914
160,10475,1274,3,1.5,152299.25332732016
161,10544,1479,5,2.0,137453.0942876577
162,9892,1803,3,2.5,216764.3837356893
163,12961,1797,3,2.5,229615.1064215021
164,13008,882,2,1.0,141832.82810596004
165,10200,1434,4,2.0,154442.68962663304
166,10179,1608,3,2.5,202777.53934245554
167,11792,2283,4,2.5,240507.81807318205
168,8400,1628,3,2.5,196619.00634142826
169,7296,2522,1,2.0,292821.6379516192
170,7380,1478,2,2.0,189636.4398136318
171,8013,1734,2,2.0,212381.08339839493
172,8923,1382,3,2.5,179672.53461758784
173,7500,1636,3,2.5,193337.94005507522
174,8803,1516,3,2.5,189619.14300623012
175,7250,1190,3,2.0,144577.4054230643
176,11900,1934,3,2.5,235712.13428733693
177,13250,2050,4,2.5,228634.7265509301
178,10928,1671,3,2.0,198113.1710873957
179,12388,2673,4,2.5,273559.2887627934
180,11088,1707,3,2.0,201619.70768105937
181,7000,1884,3,2.5,210540.4613714125
182,7500,1874,3,2.5,211929.30389647788
183,8470,1811,3,2.5,211217.84552331828
184,9373,1621,3,2.0,187458.7464330233
185,10140,1116,3,2.0,151339.45263714067
186,11050,1193,3,2.0,161303.69156932068
187,7830,1180,2,1.5,155474.91052472594
188,8510,1050,3,1.5,126273.4295170851
189,7038,864,3,1.0,92519.3270583557
190,9000,864,3,1.0,101034.37671131986
191,1680,987,2,1.5,113707.81564338332
192,1680,987,2,1.5,113707.81564338332
193,2308,1548,3,2.5,163930.6226389366
194,2280,1055,2,2.0,134459.88464310643
195,2349,1456,3,2.5,156921.98438540753
196,2364,1548,3,2.5,164173.66177276228
197,2364,1456,3,2.5,156987.08415339654
198,2104,836,2,1.0,90916.34795279031
199,10710,1120,3,1.0,128453.18363769482
200,14257,2772,4,3.5,315076.622371979
201,12350,2690,3,2.5,296720.0477644043
202,12350,2020,3,2.0,231546.7550618707
203,13693,2674,2,2.5,323296.53125946113
204,11578,1736,3,2.0,206011.63435161678
205,16870,1782,3,2.0,232572.12130782686
206,23303,2520,5,2.5,286980.90504148754
207,10367,1743,3,2.0,201302.71790150116
208,10872,1531,2,2.0,208931.75943002393
209,13514,1808,3,2.0,220038.12254362824
210,12878,1760,3,2.0,213528.37362296373
211,15274,2452,3,2.0,277982.53865656705
212,13262,2400,4,3.5,281699.5673880833
213,9658,1606,3,2.0,187523.91741296163
214,6904,1358,2,2.0,178196.8102812886
215,5122,1306,1,2.0,188398.70304351824
216,10307,1358,2,2.0,192965.77764573158
217,14836,2492,2,2.5,314040.2082897402
218,15262,2200,3,2.5,271081.74540280504
219,7390,1884,2,2.0,221394.51915311528
220,6472,1456,2,2.0,183977.20442731172
221,16770,1712,3,2.0,226670.0746659189
222,3480,1405,2,2.0,167008.10702546744
223,10928,1456,3,2.5,194154.7116905959
224,8918,1490,3,2.5,188087.25190026723
225,3182,1220,2,2.0,151263.52142189717
226,9434,1374,3,2.5,181265.34692075892
227,7984,1630,3,2.5,194969.8027241131
228,10125,1594,3,2.5,201449.5705399655
229,8965,1489,3,2.5,188213.11619917594
230,8174,1342,3,2.5,173297.28723772772
231,12891,2004,4,2.5,223483.38329404325
232,9734,1374,3,2.5,182567.34228053936
233,8433,1514,3,2.5,187857.1187809205
234,7750,1430,3,2.5,178331.25151877623
235,15896,2312,4,2.5,260584.4488445613
236,7848,1430,3,2.5,178756.5700029712
237,12720,2687,4,2.5,276093.77326534665
238,10750,2063,3,2.0,227961.7236970205
239,9085,2061,3,2.5,233415.67954175334
240,11692,2232,3,2.5,258087.67979337092
241,11194,1696,3,2.0,201220.4813261562
242,10206,1658,3,2.5,206800.46763101278
243,10130,1702,3,2.0,197071.4276282094
244,9139,1432,3,2.0,171679.4599430454
245,11128,2490,2,2.0,284955.0556548453
246,7993,1436,3,2.0,167018.29756517822
247,8640,1402,3,2.0,167170.358437571
248,12606,1530,3,2.0,194381.4537816818
249,7500,1448,2,2.0,187813.78873383778
250,10603,1795,3,2.5,219225.19294538064
251,8125,1836,3,2.0,198837.16517289783
252,10625,1662,3,2.0,196095.12100690557
253,8736,1553,3,2.0,179382.3580453554
254,8127,1653,3,2.5,197387.06491711654
255,9605,1218,3,1.5,144149.02823303855
256,7500,1141,3,1.5,128998.50778439976
257,7500,1158,3,1.5,130326.46234449995
258,10628,1812,3,2.5,220661.64711879587
259,10141,1512,3,2.0,182277.32237459533
260,13072,1114,3,1.5,151071.7972987198
261,13072,1114,3,1.5,151071.7972987198
262,12450,1114,3,2.0,161208.58695920306
263,7328,1450,2,2.0,187223.5413424774
264,11492,2122,4,2.5,226629.31187951157
265,7703,1730,3,2.5,201561.76448280615
266,7175,1332,2,2.0,177341.95676241157
267,9109,1540,3,2.5,192821.93765217115
268,10274,1400,3,2.5,186941.92325535623
269,8250,1882,4,2.0,180975.22819540626
270,9750,980,3,1.0,113350.7021091017
271,8499,864,3,1.0,98860.0444604865
272,9079,864,2,1.0,123374.95934314499
273,9316,1020,3,2.0,140264.26786641713
274,7791,912,3,1.0,99536.85416933458
275,7150,912,3,1.0,96754.924083937
276,15676,2014,2,2.0,267510.5776263117
277,11949,1755,3,2.5,221942.21316132066
278,2880,3005,3,2.5,280226.6110895833
279,3830,1726,2,2.5,206438.26834529592
280,4217,1256,1,1.5,167729.0082955754
281,2998,1512,2,2.5,186110.79675173378
282,3768,1452,3,2.5,162767.9625406749
283,14694,1694,2,2.0,238251.921095764
284,15417,1740,2,1.5,232146.75868275634
285,9600,2499,4,2.5,247867.4063884043
286,12732,2067,3,2.5,249712.2929768923
287,10400,2640,5,2.5,240355.88151215515
288,9600,1336,3,2.0,166181.1552967148
289,9000,1216,3,1.0,128530.84760280614
290,13774,2288,4,2.0,236663.98224765452
291,7130,864,2,1.0,114916.32948910464
292,9600,1568,3,1.5,171467.56925361478
293,9600,2061,4,2.5,213653.04772229353
294,16500,1320,3,2.0,194877.20898568857
295,7436,894,2,1.0,118587.81397978691
296,8125,864,3,1.0,97236.89024529354
297,9450,1362,3,1.0,141888.62686451373
298,13495,1728,3,2.0,213706.46490762557
299,9350,1313,3,1.5,150463.25471896154
300,10500,1292,3,1.5,153813.8224748589
301,8970,2140,4,2.5,217089.94042251428
302,11475,1576,4,1.0,145395.97615171992
303,9768,960,2,1.0,133864.24620196733
304,9900,1691,2,1.0,191539.17024457888
305,10573,1453,3,2.0,179543.4122193903
306,14695,1567,2,2.0,228335.65936660697
307,8760,1144,3,1.0,121864.97317808686
308,12285,1329,3,1.5,164450.94890812362
309,9240,988,3,2.0,137434.74986998612
310,8750,1202,3,1.0,126352.24183192619
311,8750,1382,3,1.0,140412.9371741635
312,10400,1200,3,1.0,133356.9863624716
313,9482,1866,4,2.0,185072.24955359468
314,8128,1062,3,1.0,112716.67507535238
315,13070,1112,2,1.0,160068.35119539566
316,8480,793,2,1.0,115229.1454453453
317,7626,1031,2,1.0,130114.16249590626
318,9533,1210,2,1.5,165209.35340745255
319,11419,1527,3,1.5,176159.28717935176
320,9600,1200,3,1.0,129884.9987363904
321,5470,792,2,1.0,102087.67702809122
322,10800,1352,4,2.0,150641.25246806364
323,8146,1039,2,1.0,132995.87424584737
324,10230,1078,3,1.0,123089.1621488574
325,10410,2377,3,2.0,251014.23083072776
326,7200,1690,4,2.0,161420.1694044549
327,5400,599,2,1.0,86707.68810496578
328,10800,846,2,1.0,129438.00318952845
329,10800,725,1,1.5,154820.0752140911
330,9671,2544,6,3.0,220531.53145804052
331,10143,1380,3,1.5,159138.56571959174
332,11500,1040,3,1.0,125632.57348856678
333,8010,951,2,1.0,125531.518626542
334,10454,1105,3,1.0,126170.42298549574
335,9000,1142,2,1.0,144748.06337141374
336,8064,1133,3,1.0,117985.07922803726
337,7350,1041,3,1.0,107699.75265239405
338,7200,732,2,1.0,104908.9518220794
339,8000,1183,3,1.0,121613.06892412779
340,10800,1461,4,2.0,159155.78464752957
341,8064,1495,3,1.0,146262.69986075896
342,7570,1806,4,1.5,159251.04064008675
343,8604,941,2,1.0,127328.31969767189
344,7936,1045,3,1.0,110555.4434849927
345,4080,1378,3,1.0,119832.74951042031
346,10307,1944,4,2.0,194745.7047746271
347,15660,1306,3,1.5,177301.7523008123
348,9900,1464,3,2.0,177481.86734430844
349,6406,1558,3,1.5,156824.50891525013
350,7627,1701,4,2.0,164132.60751523467
351,10134,1447,3,1.0,151496.94908531415
352,6000,1328,3,1.5,137096.03114659956
353,7404,861,2,1.0,115871.14032866684
354,5925,612,1,1.0,111999.3985019372
355,8520,792,2,1.0,115324.62985252582
356,9600,1510,3,2.0,179773.16079421085
357,8400,2007,3,2.0,213388.3214944887
358,3600,1288,3,1.0,110719.20926365291
359,3300,816,2,1.0,94544.66997131091
360,5400,1480,3,1.0,133529.25645405543
361,9720,1521,4,1.0,133482.97972020952
362,9392,797,2,1.0,119499.67123557205
363,6615,1432,3,1.0,135052.81890323633
364,4960,1654,3,2.0,170884.18883672968
365,6000,1142,3,1.0,109730.3859198596
366,6120,995,2,1.0,120766.00672136093
367,6120,1582,3,2.0,170294.2927576525
368,8635,1072,2,1.0,137695.92082836636
369,8094,1768,3,2.0,193390.80741198643
370,9928,1944,3,2.0,215098.57449052075
371,3000,2128,4,2.0,177406.59303363936
372,6876,1930,4,2.0,178761.60820554176
373,5775,1427,3,1.0,131016.65702523335
374,5852,1864,6,2.5,138002.68808426635
375,5160,1666,3,1.0,147017.04535320963
376,5160,892,1,1.0,130551.50308908841
377,10320,1403,3,1.5,161703.38738670366
378,4280,704,2,1.0,90048.97771142385
379,10800,1200,3,3.0,186438.02033455792
380,10547,1152,2,2.0,177915.68926410656
381,9780,1112,4,2.0,127466.87445516034
382,11625,1052,3,1.5,139948.71128438588
383,8014,1034,3,1.0,110034.69756317667
384,15400,1774,4,2.0,203569.70039816468
385,15312,1138,3,1.0,149831.8619909507
386,15584,2071,4,1.5,214732.14482709352
387,9000,660,2,1.0,107096.64584386718
388,15635,1383,2,1.0,192369.56950899804
389,9571,1073,2,1.0,141836.26132500492
390,9350,1639,3,1.5,175928.73628323578
391,7440,1089,3,1.0,111839.87001825814
392,4235,1049,2,2.0,142475.86455960115
393,10778,1061,1,1.5,180971.2268598835
394,19255,1338,2,1.5,217401.39972121763
395,10560,1879,3,2.5,225600.23143685618
396,26400,2016,4,1.0,244540.8339151553
397,7018,2228,6,2.0,158660.70059048705
398,7018,1535,4,2.0,148522.47123037267
399,7040,1229,2,1.0,143037.6964362628
400,7007,1513,4,2.0,146756.20196979615
401,11855,2787,6,5.0,300337.0365483084
402,7939,2787,6,5.0,283341.65711864084
403,7976,2787,6,5.0,283502.2365463471
404,10933,1680,1,1.5,229997.09344490833
405,10816,1720,3,2.0,201454.7265517978
406,9178,1468,3,2.0,174660.85840826432
407,11422,1838,3,2.0,213302.32412513212
408,6762,1290,2,2.0,172268.71423725842
409,10324,1254,2,2.0,184915.60007393756
410,11645,1498,3,2.0,187711.04947389846
411,11646,1422,3,2.5,194614.9114648034
412,16698,1759,3,2.5,242865.2596031394
413,9757,990,3,1.0,114162.23174206531
414,14753,1463,3,2.0,198465.69730690002
415,8750,1772,3,2.5,209386.5572016286
416,10739,1444,3,2.0,179560.81488469028
417,11166,1492,3,2.0,185163.50703804108
418,16269,907,3,1.0,135940.66816611247
419,6950,914,2,1.0,118040.8809794134
420,11664,1611,3,2.0,196620.501255978
421,12334,2184,4,2.5,235126.70725162153
422,8749,1725,3,2.5,205710.81343328962
423,11250,1870,3,2.5,227891.78599723938
424,15750,1513,2,2.0,228696.13444583036
425,12782,1828,3,2.0,218423.55334823474
426,8750,1417,3,2.0,168819.48134801027
427,10200,1602,3,2.0,189563.72913313747
428,11069,1396,3,2.5,190079.7510622803
429,10682,1149,3,1.0,130596.99832036467
430,3675,1072,2,1.0,116169.59754666287
431,6410,876,3,1.0,90731.19646136442
432,11767,1368,3,1.0,152413.0608712927
433,10926,1678,6,2.0,132658.12437594647
434,11767,1560,2,1.0,189408.85975676207
435,8212,1298,3,1.0,131516.36766924645
436,6300,1268,3,1.5,133711.12805896762
437,5707,1242,3,1.5,129106.52790392286
438,8574,1232,3,1.0,127931.85377789455
439,7155,1228,3,1.0,121460.95582963884
440,13680,1567,2,1.5,211094.315026255
441,14680,1273,2,1.0,179632.23712677415
442,8145,2480,5,2.5,218070.8205313722
443,9100,1112,2,1.0,142838.61260096767
444,13339,1561,3,2.0,199984.22664190846
445,15600,1523,3,2.0,206828.56265342594
446,17500,1906,3,1.5,232156.30831492343
447,1733,1032,2,1.0,104616.7486194091
448,1488,1229,2,1.5,131778.36235102068
449,1612,1229,2,1.5,132316.52043306327
450,13607,1982,3,2.5,246870.0066424177
451,17597,2365,3,2.0,281268.3199770523
452,8660,2168,5,2.0,183097.7805993559
453,10200,572,2,1.0,105430.50956011744
454,3843,1648,2,2.0,187565.46012282217
455,21780,810,1,1.0,196276.6181427952
456,10125,2052,3,2.5,237226.22868854707
457,9750,926,2,1.0,131130.2173601801
458,9360,1287,2,1.5,170473.3890908251
459,11070,1595,2,2.0,214790.4347113856
460,13438,2036,3,2.0,237518.4978193178
461,14463,1641,3,2.0,211111.5671864358
462,9839,2237,3,2.5,250436.263325078
463,14419,1479,3,2.5,211102.2420987492
464,9157,2014,3,2.5,230056.75464429424
465,12633,1978,2,2.0,251491.8656251578
466,12518,1008,3,1.0,127550.99857080182
467,13383,1404,3,2.0,187911.13502394705
468,7689,796,2,1.0,112030.56260242814
469,7706,1091,2,1.0,135148.25970592682
470,7669,883,2,1.0,118739.76566052414
471,10429,1287,3,1.5,153115.10870242654
472,10457,1632,4,1.5,158188.57048821123
473,8702,1604,3,2.5,196054.92229130893
474,8139,1470,3,2.5,183144.10446689982
475,9535,1604,3,2.5,199670.12940696598
476,15038,1636,3,2.5,226052.7434618254
477,14137,1384,3,2.0,189621.1838790578
478,6264,1682,1,1.5,209889.93561043893
479,5070,1280,2,2.0,164144.31066686127
480,11184,1633,3,2.5,209092.09815080854
481,14067,1709,3,2.5,227541.0115916878
482,5950,1337,2,2.0,172416.05058059242
483,13543,2500,5,3.5,268732.87660034886
484,15401,1884,2,2.0,256162.13524378598
485,31220,1474,3,1.0,245118.9672410852
486,8118,1710,2,2.0,210962.02239535312
487,47280,1488,3,2.5,354421.50859167933
488,12680,1688,2,2.0,229042.50240236332
489,10825,1260,3,2.0,165560.89831576255
490,18559,2064,3,2.0,261930.77788622925
491,14450,1782,3,2.0,222069.35873893122
492,13068,1211,3,2.0,171467.84989033427
493,10400,2044,3,2.5,237794.80464202413
494,9743,1308,3,1.5,151778.29376965621
495,12511,2840,4,2.5,287138.30753893463
496,10400,1444,2,2.0,200087.28398188797
497,14311,2340,4,2.5,255892.79263584706
498,9000,1792,4,3.0,202872.38900326163
499,10295,936,2,1.0,134276.65867168334
500,7560,864,3,1.0,94784.79898437369
501,1680,987,2,1.5,113707.81564338332
502,1890,987,2,1.5,114619.21239522964
503,1680,1302,3,2.5,141988.82871807186
504,2308,1456,4,2.5,134746.32116582125
505,2529,1055,2,2.0,135540.54079172423
506,12704,1582,3,2.0,198868.75092030084
507,13693,2464,4,2.5,262896.93898601836
508,14418,1950,2,2.0,257051.51874039235
509,13418,2748,4,2.5,283888.0958906385
510,12539,2790,4,2.5,283354.0783996705
511,12151,2331,3,2.5,267813.1151320655
512,8899,2088,4,2.5,212719.82286627547
513,10574,2332,4,2.5,239049.3506445269
514,12720,2470,1,1.5,299463.4753622643
515,10845,1575,2,2.0,212251.63870907947
516,16900,2649,4,2.5,291266.53959492646
517,16451,2690,4,2.5,292520.6004788535
518,10110,1866,2,2.0,231793.20754756767
519,12304,1367,2,2.0,202335.76152444864
520,8232,1800,2,2.0,218487.12830318836
521,6240,1342,2,2.0,174065.22096566457
522,6240,1342,2,2.0,174065.22096566457
523,2448,1626,2,2.5,192628.9123088866
524,3940,1455,2,2.0,172910.24861664115
525,3940,1576,2,2.0,182362.1604855896
526,3710,1246,2,2.0,155586.02258232282
527,9024,1515,3,2.5,190500.1646138115
528,8010,1720,3,2.5,202112.9899930794
529,8396,1986,4,2.5,202569.08328577573
530,7301,1358,2,2.0,179919.7841407314
531,8220,1892,3,2.5,216460.1622941747
532,7750,1414,3,2.5,177081.4119327996
533,12460,2322,4,2.5,246453.41173177795
534,8390,1651,3,2.5,198372.25090094365
535,9660,2199,3,2.5,246691.03707704783
536,11000,2172,4,2.5,228399.78819564864
537,11675,2006,2,2.0,249521.3797183847
538,10990,2125,4,2.5,224684.98456651624
539,11929,2501,4,2.5,258131.4603130803
540,10010,2197,4,2.5,226056.07786146167
541,13253,1578,3,2.0,200938.9425322049
542,9801,1861,3,3.0,233736.37368214934
543,9428,1874,3,2.5,220296.7940753336
544,10037,1460,3,2.0,177763.9853287807
545,8640,1372,3,2.0,164826.9092138648
546,10625,1660,3,2.0,195938.89105865848
547,7500,1218,2,2.0,169847.34468542342
548,10110,1696,3,2.5,209352.19813257759
549,12774,1663,3,2.5,218336.12278135118
550,13072,1175,3,1.0,143000.55068049434
551,9260,1162,3,2.0,151113.55505813422
552,8453,1609,3,2.5,195364.84101330888
553,8480,1680,3,2.5,201028.18375846045
554,14565,1657,3,2.5,225640.34523449923
555,8450,1677,3,2.5,200663.63930011183
556,8285,1737,3,2.5,204634.44029964498
557,9100,984,3,1.0,110842.17205940487
558,8100,864,3,1.0,97128.3906319785
559,8450,890,3,1.0,100678.37454560108
560,6360,864,3,1.0,89576.81754525188
561,19508,1430,3,2.0,216524.5296133434
562,10759,1641,4,2.0,173038.54062393022
563,9205,2683,4,2.5,260526.2677367582
564,11025,2786,4,2.5,276470.88192081766
565,3435,1245,1,2.0,176312.13571548348
566,3180,1200,2,2.5,162528.80201012257
567,3180,1392,2,2.0,164690.61700208095
568,2280,1549,3,2.5,163887.2180461473
569,4765,1638,2,2.0,190785.77612064534
570,4538,1310,1,1.5,173340.35193321164
571,4385,1419,2,1.5,159193.14262543994
572,4109,1557,2,2.0,181611.43336325197
573,2160,1404,3,2.5,152039.74865432174
574,10646,1789,3,2.5,218943.12243554124
575,2645,1586,3,2.5,168361.56644311786
576,2645,1607,3,2.5,170001.98089971222
577,3951,2393,2,2.5,259066.09421414227
578,11064,1239,1,1.5,196116.92783019773
579,24572,2944,3,3.0,382440.8021890007
580,16280,1671,3,3.0,247013.28838540183
581,7500,1812,3,2.5,207086.17550081835
582,11104,1427,4,2.0,157819.23082524005
583,11050,1740,4,1.5,169198.59852138633
584,15387,1620,4,2.0,191483.57458421565
585,9750,1625,4,2.0,167409.65664455865
586,8814,1464,4,1.5,137934.66024839215
587,8125,925,3,1.0,102001.90366682952
588,11072,1728,6,2.0,137197.5108238833
589,13355,1670,4,1.5,173734.21468038496
590,7785,1014,2,1.0,129476.26547648972
591,9900,1114,3,1.0,124469.10632154637
592,11332,1118,3,1.0,130996.4240687259
593,4882,906,2,1.0,108440.87317300515
594,9600,1496,3,2.0,178679.5511564813
595,9600,1337,3,1.0,140586.75019131546
596,7584,1036,3,1.0,108324.7341624051
597,14670,1988,4,2.5,229954.37619156472
598,8856,1176,3,1.0,124781.2908651699
599,9840,1440,2,2.0,197344.43274713698
600,13200,1570,3,1.0,174411.48347946585
601,10425,1104,3,1.0,125966.44845992675
602,11556,882,2,1.0,135531.17056462268
603,9373,1152,3,1.5,137986.56352932134
604,12774,950,2,1.0,146129.08996573204
605,14250,1790,3,2.0,221826.28162539922
606,8838,1764,4,2.5,187145.83219375962
607,12436,1824,5,2.0,172614.01109596124
608,10122,869,1,1.0,150289.86193501565
609,7506,1159,3,1.0,117594.35718605768
610,5400,672,2,1.0,92410.08121598423
611,10836,1436,3,1.0,153684.35351184144
612,10180,1044,3,1.5,133052.51384178837
613,11355,1312,3,1.5,159086.80873270403
614,12929,1081,3,1.0,135037.1253247195
615,7200,876,2,1.0,116157.50809586923
616,8000,1256,3,1.5,140151.72207490768
617,8000,1027,3,1.0,109427.13296085547
618,8064,1320,3,2.0,158265.09946866223
619,6390,984,2,1.0,121078.53782980438
620,7200,1278,4,1.0,103564.27998603333
621,8513,1800,6,2.0,131715.76854185096
622,7200,1588,3,1.5,162613.90585784195
623,7200,825,2,1.0,112173.64441556866
624,7590,1117,3,1.0,114678.0869736075
625,9836,1133,3,1.0,125675.53181980713
626,9184,1323,3,1.0,137687.70698802365
627,4800,1360,2,1.0,143549.19269341926
628,4800,672,2,1.0,89806.09049642333
629,6000,1456,4,1.5,125097.02398066317
630,11426,1594,3,2.0,194259.63037711862
631,7628,1656,2,2.0,204617.2213717072
632,7308,1740,2,1.0,184117.56406812926
633,5400,1027,2,1.0,120140.89702984114
634,10800,1436,3,2.0,179200.63414819064
635,6756,899,2,1.0,116027.1993682356
636,5914,1080,3,1.0,104514.01885439636
637,9000,1499,3,1.0,150637.38527976815
638,7311,407,1,1.0,102001.04736879708
639,12205,1588,5,2.0,153176.34077577473
640,9142,1627,4,2.0,164927.175996984
641,5350,1450,3,1.0,130968.80800371914
642,9143,1017,2,1.0,135604.3093941332
643,9600,2350,4,2.0,223392.01520423533
644,6000,1540,3,1.5,153656.40566079022
645,11340,1086,2,1.0,150529.188626783
646,10800,2495,5,2.0,217928.9440375209
647,9750,984,2,1.0,135660.88585934546
648,8516,1093,2,1.0,138819.87712558112
649,7111,1143,2,1.0,136627.94756345305
650,7425,1668,3,1.5,169839.60030756053
651,7010,1738,3,2.0,186342.81495494017
652,5000,1210,3,1.0,110702.21962765885
653,5870,1290,3,1.5,133563.46414066682
654,6000,1672,3,1.5,163967.58224509755
655,6000,949,2,1.0,116651.91976776588
656,6000,1497,3,2.0,163133.7218132394
657,6000,1342,2,2.0,173023.6246778402
658,5000,1013,3,1.0,95313.56972532136
659,5520,1216,3,1.0,113427.70142935289
660,5940,896,2,1.0,112251.42706726214
661,6240,1136,2,1.0,132301.01621669234
662,6120,808,1,1.0,128156.23041400845
663,6240,2009,4,2.0,182172.46099856688
664,6120,1902,4,2.0,173293.36062343587
665,9144,1716,4,2.0,171888.0886630443
666,8094,1984,5,2.0,166268.194115172
667,4347,1609,3,1.0,139036.08440316276
668,6291,768,1,1.0,125773.76880414168
669,10266,1536,4,1.5,149860.5959266245
670,6876,1969,4,2.0,181808.09219635982
671,10320,1308,2,2.0,189116.44873847833
672,7200,1040,2,1.0,128968.36385212989
673,7006,1236,3,2.0,147111.73800679238
674,10320,759,1,1.0,142556.5317188813
675,10320,1344,3,2.0,169930.8639531762
676,9488,1054,3,1.0,117994.13424670212
677,11235,1075,3,1.0,127216.5016817513
678,13014,1096,3,1.0,136577.74862184376
679,10265,992,3,1.0,116523.17383287397
680,7703,1034,3,1.0,108684.9623735376
681,9981,1073,3,1.0,121617.93112962192
682,7400,1126,2,1.0,136554.2485332747
683,12900,1140,3,1.0,139520.04924656294
684,9239,960,3,1.0,109570.67053047151
685,14175,1188,1,1.0,192798.49599105906
686,10532,1721,3,2.0,200300.2859186625
687,8375,1350,2,1.5,171119.74769599567
688,10200,904,3,1.0,109366.9571153833
689,20270,1524,3,2.0,227174.40539479852
690,5190,1079,2,1.0,123291.47893241893
691,19550,1518,2,1.0,219906.13046081096
692,9571,1509,3,1.0,153896.666189119
693,9350,864,2,1.0,124551.09515148
694,9360,1269,3,1.5,147069.59570285177
695,9771,2814,4,2.5,273215.76059239445
696,9938,1626,3,2.5,203137.6726043223
697,14171,2200,4,2.5,244349.09842398716
698,10541,2037,3,2.5,237859.93764225618
699,10616,1356,3,2.5,184989.13910407017
700,9345,1615,3,2.0,186868.5370213692
701,11778,2276,3,2.0,249061.717284849
702,11778,1766,3,2.5,222059.34052160475
703,11454,1511,3,2.0,187897.60709177758
704,11500,1643,2,2.0,220406.14681833424
705,9750,990,3,1.0,114131.8518503371
706,8696,1418,3,2.0,168663.23715737334
707,13142,1771,3,2.5,228369.6542946909
708,8998,1652,3,2.5,201089.07647088892
709,12192,1823,3,2.5,228308.6476431436
710,12250,1174,3,1.0,139354.96842057235
711,9216,1076,3,1.5,131368.44792431383
712,14330,1558,2,2.0,226048.53024509555
713,10400,2161,3,2.5,246934.2566144784
714,9720,1947,3,2.5,227266.4626698717
715,14860,1786,3,2.0,224161.212293792
716,10905,2327,4,2.5,240095.31065420026
717,11690,1764,3,2.5,221521.19193448874
718,4426,848,1,1.0,123928.89558072311
719,10126,1838,2,2.0,229675.42802463015
720,9750,1445,3,2.0,175346.68515607095
721,11058,1564,3,2.0,190319.06684541504
722,9627,1361,3,2.0,168251.20923218352
723,9825,1092,3,1.0,122425.07805088336
724,12102,1033,3,1.0,127698.4393583281
725,6500,1127,3,1.5,123564.91361406869
726,9638,1117,3,1.0,123566.3752963754
727,7200,1398,3,1.5,147772.06077436922
728,47007,3820,5,3.5,517077.8848423994
729,6012,1152,2,2.0,158233.8594087587
730,6845,1152,2,2.0,161849.06652441574
731,6931,784,2,1.0,107803.4746372337
732,12180,1053,2,1.5,164433.24152785286
733,8050,1137,4,1.5,109075.31552708682
734,9520,930,2,1.0,130444.48081417591
735,7692,1204,3,1.0,121916.76814468089
736,5142,1292,3,1.5,130560.18534918003
737,7290,1424,2,2.0,185027.63260302646
738,7804,1920,4,3.0,207680.4841900834
739,8969,1316,2,1.0,158205.52934839914
740,15564,1264,3,1.0,160768.0248327324
741,7609,1512,3,2.0,171288.4815380483
742,9650,1603,4,1.0,139584.60868105773
743,11700,1938,4,2.0,200322.61338379976
744,9260,1374,3,1.0,142001.40949280196
745,7801,1091,2,1.0,135560.55823652397
746,9670,1873,4,1.5,173598.71142482714
747,12392,2161,3,2.5,255579.50580342062
748,26073,1898,3,2.5,294410.59599945066
749,1879,1032,2,1.0,105250.38636116893
750,7000,919,2,1.0,118648.45507666118
751,6000,1090,3,1.0,105668.4072654355
752,8155,1200,4,1.0,101615.99723303161
753,6000,1656,3,1.5,162717.74265912088
754,7392,912,2,1.0,119802.92419457618
755,9000,1955,4,2.0,189932.60970587586
756,14584,733,2,1.0,137033.5125849325
757,5280,1361,2,1.0,145710.5002431915
758,5150,1049,2,1.0,120774.43032740866
759,9000,864,3,1.5,113870.63675108129
760,3843,1648,2,2.0,187565.46012282217
761,3811,1646,2,2.0,187270.35066953182
762,23730,2032,3,3.0,307545.6788118812
763,11050,1820,3,2.5,223118.04038454205
764,10260,1872,4,3.0,214589.96744422277
765,9990,1689,3,2.0,195448.3351300392
766,4084,1501,2,2.0,177128.49519901865
767,11563,1537,3,2.0,190401.65473304322
768,12852,1780,3,2.5,227814.09354734834
769,9802,1442,3,2.5,188174.27946915702
770,12018,1612,3,2.5,211071.23079440388
771,12890,1495,3,2.0,192879.9852946167
772,18265,1256,3,2.0,197537.92334182363
773,11202,1440,3,2.0,181257.76782679063
774,7915,1675,3,2.0,185349.2575871615
775,11449,1728,3,2.0,204826.85655392287
776,11447,1964,3,2.5,236089.5705177747
777,8940,1344,2,2.0,185939.40915193572
778,9278,1092,2,1.0,142048.83036529995
779,4500,1189,2,2.0,154562.05683803622
780,14137,1200,3,1.0,149575.50856080343
781,4224,1040,3,1.0,94054.84602935819
782,2665,1475,4,2.0,124943.62011254583
783,1974,988,2,1.0,102225.62603033028
784,1596,988,1,1.0,122582.83573075652
785,17979,1160,3,1.0,163125.13017011684
786,1477,1092,3,2.5,124703.66729201023
787,6490,816,2,1.0,108389.22063030972
788,6600,845,3,1.0,89134.22932472896
789,12395,889,3,1.0,117721.4985525905
790,56600,1836,4,2.0,387220.19153700647
791,10667,1587,3,2.0,190418.77729800929
792,8872,1384,3,2.5,179607.42535467225
793,10147,1694,3,2.5,209356.54761203678
794,8637,1714,3,2.5,204365.4704502793
795,7875,1553,3,2.5,188481.89140254693
796,7500,2299,5,3.5,226805.24027100625
797,9556,1187,3,2.0,154351.06483287277
798,7655,1642,3,2.5,194479.3275023697
799,18160,1128,3,1.0,161410.9881985644
800,4740,1179,2,2.0,154822.5033846252
801,5118,1321,1,1.0,163880.54763771803
802,12328,2541,4,3.5,288660.2331860528
803,51974,2338,4,2.5,419193.4001389707
804,41600,1424,3,1.5,299098.51802307327
805,8035,1612,2,2.0,202946.53621504025
806,14082,2234,1,1.5,286939.400402512
807,13870,2042,3,2.0,239862.06098214287
808,10960,1284,3,2.0,168021.55560662874
809,12090,1479,3,2.5,200994.4181223203
810,12299,1664,3,2.0,203516.4850627276
811,11339,1930,4,2.5,210967.21921430374
812,11850,1177,3,2.0,163525.83960942522
813,10400,1353,2,2.0,192978.82133664578
814,13001,1220,2,2.0,193877.8295475114
815,8991,1324,3,2.0,162600.725026878
816,8000,1877,4,2.5,192335.91723139965
817,9457,1422,3,1.0,146605.9052036544
818,7920,914,3,1.0,100252.94212228725
819,17199,914,2,1.0,162521.38245404628
820,4113,1337,2,2.0,164443.49899420346
821,10943,1337,2,2.0,194085.59335187176
822,2205,1092,3,1.5,102190.65595222128
823,2058,1218,4,1.5,89397.44111174536
824,2304,1055,2,2.0,134564.04427188888
825,7150,988,3,1.0,102691.6621173261
826,12469,1816,3,2.0,216127.758500048
827,11825,1694,3,2.0,203802.78161798068
828,14333,2122,2,2.5,282954.65564413165
829,13641,2656,3,2.5,299667.0586757925
830,13440,2550,4,2.5,268516.81067389465
831,15431,2046,2,2.5,281783.22062753903
832,13891,2552,3,2.0,279791.8374603332
833,13654,2758,4,2.5,285693.4819815678
834,17169,2290,2,2.5,308386.1674313444
835,16659,2152,3,2.5,273395.18503691937
836,9709,2100,3,2.5,239170.31388091476
837,13615,1802,3,2.5,232844.0311764412
838,13069,2956,5,2.5,276623.63205270737
839,14277,2385,3,2.5,281258.1308510475
840,12568,1818,3,2.5,229549.90695678405
841,9926,1614,3,2.0,189311.95306068714
842,9254,1721,3,2.0,194753.78568599778
843,10732,1828,3,2.5,222362.84509616307
844,3901,1302,1,1.5,169950.8619929562
845,3903,1302,1,1.5,169959.54196202138
846,6289,1362,2,2.0,175840.17969023282
847,4590,1554,2,2.0,183464.62100106268
848,7841,1577,2,2.0,199370.5551213916
849,6240,1324,2,2.0,172659.15143144084
850,3242,1405,2,2.0,165975.1907067083
851,15810,1496,3,3.0,231303.37518345952
852,10237,1536,3,2.5,197404.9803084515
853,13204,1458,3,2.0,191352.48639528258
854,8857,1495,3,2.5,188213.08771439624
855,9729,1746,3,2.5,211604.41273183344
856,12216,1326,3,2.0,176753.4050927649
857,8229,1504,3,2.5,186190.61219503437
858,7713,1456,3,2.5,180201.66141828202
859,7697,1258,3,2.0,151829.19674953795
860,3621,1589,2,2.0,181993.20008329573
861,3710,1266,2,2.0,157148.32206479367
862,16219,1119,2,2.0,199954.28738694548
863,11084,1374,3,2.5,188426.3213995514
864,10936,1525,3,2.5,199579.36478138098
865,11950,1394,3,2.5,193747.04748725513
866,7875,1948,4,2.5,197339.58232759585
867,8740,1995,4,2.5,204765.07273210253
868,9487,1690,3,2.5,206179.6979240256
869,9649,1644,3,2.5,203289.4866086242
870,12191,2551,4,2.5,263174.2849667989
871,10557,3078,4,2.5,297249.34160363395
872,11002,2582,4,2.5,260435.60755536548
873,10790,2385,4,2.5,244126.88093211647
874,11762,2202,4,2.5,234050.3056331972
875,9044,2538,4,2.5,248500.85897909597
876,9910,1369,3,2.0,170104.34464789808
877,11830,1542,3,2.0,191951.0054738655
878,10612,1534,3,2.0,186039.98452016854
879,12291,1966,1,2.0,271067.9350792752
880,9965,1528,3,4.0,234108.36484187987
881,8847,1538,3,2.0,178692.37171662104
882,8251,1506,3,2.0,173606.06176323723
883,9605,1977,3,2.5,229110.81367232872
884,8778,1830,3,2.5,214038.7452677068
885,8640,1338,3,2.0,162171.00009366442
886,9000,1335,3,2.0,163499.04960303032
887,8640,1792,3,2.5,210471.45838551325
888,10411,1588,3,3.0,215058.3763113097
889,12217,1880,3,2.5,232869.70078150043
890,10440,1584,2,2.0,211196.9797404877
891,11824,1685,2,2.0,225093.1307200858
892,10625,2443,4,2.5,247941.45198340257
893,7500,1100,3,1.5,125795.79384533461
894,7500,1143,3,1.5,129154.73773264684
895,12450,1094,3,1.0,133973.76739720942
896,7441,1486,3,2.0,168528.37480935923
897,11613,1820,3,2.5,225561.45167639668
898,8012,1266,2,1.5,162982.67548428394
899,6285,894,2,1.0,113592.49178276258
900,7476,1040,3,1.5,121004.73576913972
901,19522,2503,3,2.5,313238.91667112027
902,10751,1037,2,1.0,144145.30400502722
903,12712,1055,2,1.0,154062.08320768253
904,4379,1378,2,2.0,168800.64881894062
905,3523,1151,2,2.0,147353.52293299
906,3784,1565,2,2.0,180825.8581831448
907,3606,1352,2,2.0,163414.8514480276
908,5330,1550,2,2.5,199200.00969845505
909,2280,1501,3,2.5,160137.69928821735
910,2117,1573,3,2.5,165054.55994629825
911,7321,1358,3,2.0,158008.85997763384
912,8010,2048,3,2.5,227734.7015056007
913,8413,2362,3,2.5,254011.81714703087
914,9466,1494,1,1.5,209100.95094860336
915,12000,2362,3,2.5,269579.3416654725
916,17778,2497,2,2.0,314362.75761551014
917,11700,1152,3,1.5,148085.70753668505
918,8000,2411,4,2.5,234049.3134133703
919,8723,1082,3,1.0,116861.2653547211
920,11700,1295,3,1.5,159256.14883635135
921,11358,1610,3,2.0,195214.35101487837
922,9547,1594,2,2.0,208102.52329411
923,10530,2075,3,2.5,240780.56682909207
924,10738,1093,3,2.0,152138.11898279493
925,10800,1052,3,1.0,123531.9640052282
926,8050,1107,3,1.0,115893.3301173688
927,10899,1224,2,2.0,185067.6419564772
928,7450,1074,2,1.0,132709.26910548063
929,14357,1187,2,1.0,171512.53434811937
930,8243,964,3,1.0,105560.50583249457
931,8680,894,3,1.0,101989.03088459358
932,8800,1200,3,2.0,152085.53118983205
933,9200,1042,3,2.0,141479.35909135325
934,8800,2154,5,2.5,195448.028835952
935,11382,1374,3,1.0,151210.85667098238
936,22002,1652,3,1.5,231853.7152533161
937,12172,908,2,1.0,140235.59036391723
938,5000,666,2,1.0,90205.39755820238
939,3500,670,2,1.0,84007.88065579429
940,5175,808,2,1.0,102057.2211769504
941,9600,1150,2,1.0,147976.973883963
942,8668,1560,4,2.0,157636.32006225365
943,10050,1280,3,2.0,163759.7097854672
944,9600,1254,3,1.0,134103.2073390616
945,8760,936,2,1.0,127614.78241414003
946,6860,1008,3,1.0,102995.36608534248
947,8250,1053,3,1.0,112543.11842121789
948,9100,1144,3,1.0,123340.56791917137
949,9736,1721,4,1.0,149175.41429743922
950,9770,922,2,1.0,130904.55715433798
951,12198,1411,3,1.0,157642.5380921562
952,10050,1216,3,1.0,133087.83136203774
953,11556,1154,3,1.5,147616.97971223755
954,8078,1560,4,2.0,155075.72918801877
955,10950,948,2,1.0,138056.7282300198
956,7942,1040,3,1.0,110190.9085215706
957,8540,925,3,1.0,103802.99724785914
958,7150,1540,4,1.0,123813.40397977091
959,8400,925,3,1.0,103195.39941329493
960,9532,1647,3,1.0,164507.27322139614
961,15783,924,2,1.0,157157.11409711794
962,14190,1544,3,2.0,202349.59891905214
963,12099,1728,3,1.0,181975.326420591
964,21281,3086,4,3.5,370088.7756037637
965,10284,1281,1,2.0,208848.8288477187
966,10800,1534,3,1.5,174019.6415725362
967,10090,1651,4,2.0,170916.2407128552
968,8700,888,3,1.0,101607.14073050438
969,8300,952,3,1.0,104870.50526137037
970,7200,1238,3,1.5,135273.66491460273
971,7500,1040,3,1.0,108272.63535816074
972,7315,1170,3,1.0,117624.68485568973
973,7903,1242,3,1.5,138637.13393751578
974,8000,1377,3,1.0,136767.37390409468
975,7000,925,3,1.0,97119.42106765282
976,6600,864,2,1.0,112616.13768682584
977,6760,936,3,1.0,96937.08949518739
978,6978,960,2,1.0,121755.6893560091
979,6000,1296,3,1.0,121760.09193488485
980,4480,1022,2,1.0,115757.53638923005
981,3153,967,2,1.0,105702.0533376731
982,7200,1072,2,1.0,131468.0430240832
983,9000,1174,2,1.0,147247.74254336703
984,5925,1141,3,1.0,109326.77210579095
985,9639,1798,4,2.5,193278.0689245738
986,10337,1772,3,2.5,216274.1126548672
987,9863,1642,4,1.5,156391.76941708138
988,4571,1232,3,1.0,110558.8956938907
989,8398,1650,3,2.0,185492.5957633195
990,3600,1358,3,1.5,129023.5174920622
991,13500,2454,3,2.0,270439.63604397903
992,8626,968,2,1.0,129532.90365872471
993,11800,1382,1,2.0,223317.85778562017
994,6854,1060,1,1.0,151026.75254007019
995,8674,1435,3,1.0,144223.19197823343
996,6125,1274,3,2.0,146256.580650265
997,6000,1232,3,1.5,129596.9936307397
998,6120,884,2,1.0,112095.24459364793
999,6240,1409,3,1.5,144464.94033843075
1000,6240,1322,4,1.0,102834.95369617167
1001,6240,1426,3,1.0,132956.6348587695
1002,6120,1281,2,1.0,143106.88932069353
1003,7755,2264,4,2.5,221503.11600672247
1004,8850,1376,3,1.0,140378.24578268244
1005,8550,1316,4,1.0,112391.62812173991
1006,5700,1344,3,1.5,137043.87537279577
1007,5680,1173,3,2.0,136435.67514677974
1008,5680,1214,2,1.0,135963.59286007166
1009,13200,2294,5,3.0,238316.31719645573
1010,9780,1952,4,1.5,180247.192679173
1011,10320,2180,3,1.5,222398.7222806947
1012,4330,1315,3,2.0,141669.0223533105
1013,10320,1484,3,2.0,180866.9603304719
1014,12888,2267,3,1.5,240339.8053091634
1015,4484,1282,2,1.0,136084.78959948098
1016,11235,999,3,1.0,121279.76364836222
1017,11235,1452,2,1.0,178663.57078007568
1018,14299,1005,3,1.0,135046.16610099448
1019,14149,1020,3,2.0,161239.41311248022
1020,11677,1040,3,1.0,126400.75075083724
1021,8425,868,2,1.0,120849.06935531776
1022,8665,897,3,1.0,102158.2760389752
1023,8398,943,2,1.0,126590.51283220307
1024,8169,912,3,1.0,101177.36832265795
1025,14175,1375,3,1.0,163410.54844466192
1026,16779,2654,4,3.0,303968.23637686076
1027,6960,1302,2,1.5,161229.1508244346
1028,11375,1299,3,1.0,145321.8537199886
1029,13770,1176,3,1.0,146107.97485837372
1030,9000,998,3,1.0,111501.78324387429
1031,11075,1522,3,2.0,187112.01766928058
1032,17541,1325,3,2.0,199785.70775474442
1033,22692,1630,3,2.0,245966.0351898547
1034,17808,1242,2,1.0,190786.14454692192
1035,12671,2422,4,3.0,268016.90592027234
1036,10512,1626,3,1.5,179956.3036465127
1037,5400,864,3,1.0,85410.43239395443
1038,11515,943,3,1.0,118120.52076657236
1039,3869,1038,2,2.0,140028.16550531003
1040,9280,1342,4,1.0,117590.80615775108
1041,11100,1480,4,1.0,136269.44443613442
1042,7550,1362,4,2.0,137317.45247834412
1043,23920,1822,4,2.0,244295.88737385953
1044,9317,1958,3,2.5,226376.7136185922
1045,9178,1651,3,2.0,188955.89867287222
1046,10481,2140,3,2.5,245645.38090502477
1047,10235,1651,3,2.0,193543.26232383202
1048,11750,1546,3,2.0,191916.26660775155
1049,8760,1500,3,2.0,175346.4240455902
1050,7242,1270,2,2.0,172789.60733043635
1051,9316,1795,3,2.5,213639.6328519225
1052,8883,1873,3,2.5,217853.38753094221
1053,20064,1743,0,0.5,270871.9393561025
1054,14217,1022,3,1.0,136018.24192942135
1055,10021,1308,3,2.5,178657.3295492423
1056,8428,990,3,1.0,108394.39229823792
1057,16561,1097,3,1.5,164886.04877286626
1058,10820,1873,3,2.5,226259.93757059134
1059,12352,1753,3,2.5,223534.99697971198
1060,9543,1690,3,2.5,206422.73705785128
1061,8826,1842,3,2.5,215184.44421475416
1062,11800,894,3,1.0,115529.7826263103
1063,8660,1025,3,2.0,137807.81288364824
1064,9720,1009,3,2.0,141158.3569022292
1065,8982,1040,3,1.5,127540.7524752376
1066,16300,907,3,1.0,136075.20768662312
1067,9675,879,3,1.0,105135.59088267898
1068,7200,864,3,1.0,93222.40455263713
1069,7200,875,3,1.0,94081.6692679961
1070,11354,1673,3,2.0,200118.23444653102
1071,8749,1932,3,2.5,221880.6130768625
1072,8158,1729,3,2.5,203458.34247101628
1073,11927,1592,3,2.0,196277.7326797049
1074,12728,2439,4,2.5,256755.97955896938
1075,15295,1992,3,2.5,254977.05027468444
1076,17227,1341,1,1.5,230831.979865222
1077,8145,1476,3,2.5,183638.83421883668
1078,8769,1190,2,2.0,173167.5657818356
1079,8334,1330,3,2.0,160218.0450337
1080,8333,1491,3,2.5,185626.47592281888
1081,9045,1536,3,2.5,192231.7187455905
1082,9825,936,2,1.0,132236.86594136065
1083,8308,1088,2,1.0,137526.5854721823
1084,16287,1351,3,1.0,170701.83639855133
1085,8240,1179,2,1.0,144339.9291692076
1086,6285,1044,3,1.0,103312.01404754407
1087,9555,2233,5,2.5,204895.80011382583
1088,7023,1408,3,2.5,173457.55333285703
1089,39290,5095,2,2.5,623503.4676935538
1090,3675,1072,2,1.0,116169.59754666287
1091,6400,960,2,1.0,119247.17829616542
1092,6882,1152,2,2.0,162009.645952122
1093,8741,1195,4,2.0,129441.17337804128
1094,10042,865,2,1.0,127632.47942216379
1095,8172,768,2,1.0,111939.55585621553
1096,8172,864,3,1.0,97440.86951832581
1097,10890,2592,6,2.0,203898.9712816889
1098,7223,1422,3,1.0,136910.3797578226
1099,6821,1298,2,2.0,173149.69311767025
1100,4000,1098,2,1.0,119611.08184697041
1101,6720,1436,3,1.0,135820.97717565362
1102,7155,1461,3,1.0,139661.7448004238
1103,7230,1718,4,2.5,176573.84825565352
1104,13108,1226,2,1.5,181974.6376974796
1105,7810,1755,4,2.0,169145.03328737197
1106,6221,1355,3,2.0,153000.53206940155
1107,25485,1560,3,1.5,239783.30376100144
1108,21579,1488,3,2.0,230043.30607952643
1109,1782,1045,2,1.0,105844.90252511261
1110,17871,1680,4,2.0,206950.9946106102
1111,3907,1020,1,1.0,135112.21915755188
1112,20693,1696,3,2.0,242445.99440133796
1113,18044,2726,2,2.5,346241.7826152344
1114,7000,1215,3,1.0,119772.76356347959
1115,7288,1601,3,2.0,176847.57920007833
1116,9060,1828,3,2.0,202270.13091789192
1117,3672,816,2,1.0,96159.14421743866
1118,11067,845,1,1.0,152516.38793935912
1119,8250,1991,4,2.0,189489.7603748722
1120,6565,1073,3,1.0,106792.54396625517
1121,6060,1001,2,1.0,120974.29749414609
1122,5568,1625,2,2.0,193255.28903671834
1123,12150,1299,2,2.0,196355.58566602724
1124,10000,1392,3,2.0,172291.58766067366
1125,12864,1409,1,1.5,217208.44558988238
1126,9928,1478,3,2.0,178696.99654895085
1127,8750,918,3,1.0,104167.58918084067
1128,8410,1026,2,1.0,133126.13549884816
1129,4054,1501,2,2.0,176998.29566304063
1130,19958,2279,4,2.5,275635.67186991184
1131,8368,1689,3,2.0,188408.88021815955
1132,8298,1564,2,2.0,200338.43338918447
1133,10331,1240,3,2.0,161854.6464741866
1134,6718,1312,2,2.0,173796.28434854187
1135,11305,1922,2,2.0,241353.92761494473
1136,7777,1491,3,2.0,170377.184482931
1137,11800,2486,5,3.5,260074.67392229487
1138,12633,1824,3,2.0,217464.43575638294
1139,43500,2034,2,1.0,364156.08666436403
1140,6710,936,0,0.5,149877.0017900447
1141,1504,1092,3,1.5,99148.32679486761
1142,1533,992,2,1.0,100624.15274794718
1143,1495,1092,3,1.5,99109.2669340742
1144,1890,1092,3,1.5,100823.5608244518
1145,9129,1008,1,1.0,156838.23869731452
1146,15957,1356,3,2.0,195332.7364529334
1147,33983,1676,3,1.5,285725.8293173798
1148,8286,1432,3,1.5,155141.19309697486
1149,6723,796,2,1.0,107838.13754393507
1150,27697,1608,3,1.0,240296.6082652845
1151,11000,1178,3,1.5,147078.70769107604
1152,11625,816,2,1.0,130675.04120521847
1153,10447,887,3,1.0,109110.97873483568
1154,11027,1293,2,2.0,191013.0931911745
1155,10533,1024,2,1.0,142183.69271331409
1156,11765,1797,3,1.5,198751.9648409878
1157,39384,1390,1,1.5,330820.6508861272
1158,11727,1851,3,2.0,215641.5140711816
1159,8238,1525,3,2.5,187870.0865124221
1160,13041,1671,3,2.5,220119.8184445441
1161,9783,1776,3,2.5,214182.22112030012
1162,13128,2064,4,2.5,229198.85807568228
1163,13751,2212,3,2.5,265461.40846352663
1164,13108,2687,4,2.5,277777.687263996
1165,8076,1169,3,2.0,146521.8181903988
1166,3701,1204,2,2.0,152266.1338083407
1167,16023,2798,3,3.5,346769.74823751487
1168,18062,3390,5,3.5,357867.5936731262
1169,12292,2473,4,2.5,257519.6554229555
1170,16052,2698,4,2.5,291413.8664433338
1171,15922,2795,4,3.5,324099.3410236019
1172,8147,1714,2,2.0,211400.34184329273
1173,18261,2000,3,2.5,268474.3641913688
1174,10464,1102,2,1.0,147977.20176220074
1175,10530,1857,4,2.5,201753.77861641065
1176,9927,1083,2,1.0,144162.44555984644
1177,9512,2318,3,2.5,255344.4012869241
1178,10530,1875,3,3.0,237993.8320441454
1179,10000,1103,3,2.0,149716.36013897043
1180,7200,874,3,1.0,94003.55429387256
1181,8773,1419,2,2.0,191073.2547942568
1182,2760,1092,3,1.5,104599.3473678151
1183,2160,1365,3,1.5,123320.74458398079
1184,1890,1030,3,1.5,95980.43242879228
1185,1680,948,2,1.5,110661.33165256523
1186,1680,1092,3,1.5,99912.16407260548
1187,4043,1069,2,2.0,143204.88701181248
1188,7514,1387,3,1.0,135439.29116248572
1189,2280,1055,2,2.0,134459.88464310643
1190,2179,1456,3,2.5,156184.18701486528
1191,16387,2589,4,2.5,284353.2290822894
1192,16163,1618,2,2.0,238690.62034076653
1193,12228,1740,4,2.0,187147.36034055235
1194,14780,1868,2,2.0,252217.1652630638
1195,13975,2206,4,2.5,243967.1513003385
1196,9942,2091,3,2.5,239478.49550989908
1197,12867,2253,3,2.5,264827.57607577206
1198,10672,2389,4,2.5,243927.22265376366
1199,11643,2358,4,2.5,245719.78343708997
1200,13758,1792,2,2.0,241844.96303735595
1201,14828,1780,2,2.0,245551.3667977571
1202,13215,1914,3,2.5,239856.91446523712
1203,5911,1565,2,2.0,190057.0052839882
1204,7740,1686,1,2.0,229444.47271681437
1205,6373,1666,2,2.0,199951.69052452772
1206,10237,1456,3,2.5,191155.78237856823
1207,10237,1492,3,2.5,193967.9214470157
1208,11660,1326,3,2.0,174340.37369263847
1209,11631,2373,4,2.5,246839.42823455186
1210,9073,1492,3,2.5,188916.17945106755
1211,3087,1364,2,2.0,162099.7791650899
1212,2938,1511,2,2.0,172936.02266589273
1213,3072,1548,2,2.0,176407.83463583232
1214,3010,1142,2,2.0,144424.07610065356
1215,9171,1598,3,2.5,197621.68519235778
1216,8658,1889,3,2.5,218126.73059708352
1217,12104,2322,4,3.5,270580.8973176947
1218,9660,1976,3,2.5,229271.39784749827
1219,9545,2234,3,2.5,248925.96295012257
1220,9233,2855,4,2.5,274083.56285292003
1221,10019,2726,4,2.5,267417.95903360803
1222,17242,3500,4,3.5,384899.1773637321
1223,10236,2494,4,2.5,250237.06168052115
1224,12585,2799,3,2.5,306254.4763090316
1225,12447,1964,3,2.5,240429.5550503762
1226,15218,1670,2,2.5,251487.57365164364
1227,10936,1504,3,2.0,185102.69028502522
1228,8640,1278,2,2.0,179481.82550000158
1229,13162,2640,3,3.5,322010.88657822256
1230,8125,1716,3,2.5,202299.62831783437
1231,7733,1142,3,1.5,130087.83915461946
1232,11024,1400,3,2.0,177360.65161504594
1233,13072,1131,3,1.5,152399.75185881997
1234,7800,1686,3,2.5,198545.68412103268
1235,7632,1585,3,2.5,189926.95433307806
1236,8304,1837,3,2.5,212528.3974181185
1237,9370,1731,3,2.5,208874.6336727764
1238,7175,1398,2,2.0,182497.54505456524
1239,7175,1217,2,2.0,168358.7347382044
1240,9019,1320,3,2.5,175246.04473705808
1241,9100,988,3,1.0,111154.63195589904
1242,8927,1654,4,2.0,166103.18362381027
1243,9240,1211,2,1.0,151179.59287376242
1244,9308,984,3,1.0,111744.88884218599
1245,8450,909,3,1.0,102162.55905394835
1246,8638,925,2,1.0,126226.0395858037
1247,13052,1024,3,1.5,143954.6499369491
1248,8020,912,3,1.0,100530.71062730032
1249,8789,941,3,1.0,106133.49298245356
1250,14330,2646,3,2.0,289039.8982377581
1251,11025,2826,3,2.5,301593.20473950886
1252,3628,1143,1,1.5,156345.765329913
1253,2544,1223,2,2.5,161565.21625222947
1254,2998,1524,2,2.5,187048.17644121626
1255,4447,1080,2,2.5,158653.76551810384
1256,8314,1694,3,2.5,201401.3559637782
1257,7180,1568,3,2.0,173801.06672448054
1258,13110,1193,2,2.0,192241.7835602294
1259,10140,1334,3,2.0,168368.51699607252
1260,9600,1051,3,1.0,118245.86759198285
1261,8640,1770,4,1.5,161082.6850215229
1262,9360,976,2,1.0,133343.37209864255
1263,8400,898,3,1.0,101086.29511195933
1264,9759,1051,3,1.0,118935.9251326665
1265,9600,1141,3,1.0,125276.2152631015
1266,8800,1565,3,2.0,180597.49674492437
1267,10368,1488,3,1.5,168551.47944476947
1268,9350,1440,4,1.5,138386.1325789016
1269,10800,1248,3,1.0,138842.49893344217
1270,8550,816,2,1.0,117329.58876746884
1271,9724,1043,2,1.0,140156.8297347867
1272,9600,1433,3,1.0,148085.78770717536
1273,10858,1624,2,1.0,190463.17216053393
1274,9600,1216,3,1.0,131134.83832236705
1275,9462,1728,3,1.5,183367.04724788226
1276,9888,936,2,1.0,132510.28496691454
1277,8917,1584,4,2.0,160591.7355898364
1278,12700,1246,3,1.0,146932.23959713796
1279,9723,1008,2,1.0,137418.4656559302
1280,8400,1364,3,1.5,150324.13309329067
1281,9610,1336,3,1.5,153388.29510227937
1282,10000,1370,3,1.0,144900.53815043293
1283,10152,1124,3,1.0,126343.93216499736
1284,8092,1050,3,1.0,111623.05594269623
1285,12778,1008,2,1.0,150677.11840302782
1286,10170,1575,2,1.5,196485.88910981204
1287,7700,1145,3,1.0,117342.7045476528
1288,11050,1005,2,1.0,142943.28020832178
1289,13600,1056,3,1.5,148832.64063276802
1290,15428,884,2,1.0,152491.8206231028
1291,21299,2039,3,1.5,259033.20111270747
1292,13300,1384,2,1.0,182313.82059949706
1293,22136,2640,5,2.5,291289.93998676643
1294,7500,1312,3,1.5,142356.1683595252
1295,10410,713,2,1.0,117356.11766338297
1296,10914,715,2,1.0,119699.69981606121
1297,7008,720,1,1.0,125136.01895608702
1298,7200,1595,3,2.0,175996.97071646815
1299,10818,1760,4,1.5,169754.02159229357
1300,10184,1146,3,1.0,128201.34110075848
1301,9510,1207,3,1.5,142877.46498708247
1302,10800,1773,3,2.0,205525.3804278238
1303,11650,1472,2,2.0,207699.483923099
1304,18275,2448,3,3.0,316366.8924219329
1305,12144,1521,3,1.5,178837.08612074662
1306,8544,1040,2,2.0,160473.82314346917
1307,8512,1556,4,2.0,156646.82257867366
1308,7000,1150,3,1.0,114695.29024544945
1309,7400,1045,3,1.0,108229.21177551828
1310,7000,864,3,1.0,92354.40764611684
1311,7000,1025,3,1.0,104930.91848000688
1312,9856,2014,5,2.0,176258.69608532207
1313,9600,1668,3,1.0,166442.8066262074
1314,5520,1657,4,1.0,125878.68116408467
1315,9600,1416,3,1.0,146757.83314707514
1316,6451,1428,4,1.0,112030.8776896459
1317,3960,1004,2,1.0,112094.67489805352
1318,7745,1951,4,2.0,184173.4692209668
1319,7741,1032,2,1.0,130691.37569127898
1320,5633,844,2,1.0,106857.07316132936
1321,7200,864,2,1.0,115220.12840638675
1322,7614,1376,2,1.0,157011.74875413656
1323,6000,960,3,1.0,95513.46062937521
1324,6000,1566,5,1.5,111691.94728050304
1325,7830,492,1,1.0,110893.2721417182
1326,9576,1182,3,1.5,141211.02961314566
1327,5747,840,2,1.0,107039.37150155177
1328,6300,2104,5,2.0,167856.05875850975
1329,5976,1248,2,2.0,165576.65748144494
1330,9750,960,3,1.0,111788.40262663088
1331,4761,1020,2,1.0,116820.84209464399
1332,11737,1827,2,1.0,210135.35831176938
1333,6120,1162,3,1.0,111813.48354624261
1334,6120,1324,3,1.0,124468.10935425619
1335,11672,816,2,1.0,130879.02047825075
1336,33120,2486,5,2.0,314094.3640380748
1337,10320,1430,3,2.0,176648.7517278007
1338,7518,1330,3,1.0,131004.09757557433
1339,9000,819,2,1.0,119516.92672951013
1340,7200,984,3,1.0,102596.201447462
1341,12375,1422,3,1.0,159269.9800697856
1342,11136,1921,4,2.0,196546.90754731232
1343,21370,1640,3,1.0,215337.20529946804
1344,8250,1032,2,1.0,132900.42781837314
1345,5220,879,2,1.0,107798.68364368886
1346,5500,1073,2,2.0,149840.70437230705
1347,11327,1064,3,1.0,126756.5155433917
1348,10366,934,2,1.0,134428.56762525096
1349,9000,1059,3,1.0,116266.79666541026
1350,9535,1458,3,1.5,162592.8231054062
1351,7176,1040,3,1.0,106866.48036959785
1352,9662,1967,6,2.0,149747.61144844137
1353,8235,1949,6,2.0,142148.3839861953
1354,17529,872,2,1.0,160672.74843661606
1355,20355,1830,2,1.0,247771.6899360998
1356,13050,1000,1,1.0,173230.3982566567
1357,10820,810,2,1.0,126712.66381173301
1358,1700,1700,2,2.5,195163.11196364264
1359,9375,1350,3,1.5,153462.0083748476
1360,6488,1150,3,1.0,112473.21816475748
1361,19950,2009,4,2.0,241673.64894053363
1362,19800,3672,5,3.5,387438.90949362604
1363,11679,1560,3,2.0,192701.7373436664
1364,12048,1488,3,1.0,163006.3934197786
1365,10519,1057,3,1.0,122703.00322218488
1366,9525,1609,5,1.5,130349.33664523561
1367,12128,2559,4,2.5,263525.78573423333
1368,9069,1440,2,2.0,193998.3046725012
1369,11003,1876,3,2.5,227288.49966242805
1370,7488,1208,2,2.0,169014.1151297968
1371,13377,1846,3,2.0,222411.91367935637
1372,11645,1590,2,2.5,229731.61098677522
1373,10984,1809,3,2.5,221972.33669003137
1374,9316,1614,3,2.0,186664.56249580023
1375,9316,1596,3,2.5,198094.75300133793
1376,12000,1388,3,2.0,180659.09682938253
1377,13015,1100,3,1.5,149730.80854263192
1378,12438,1499,3,2.5,204067.03222213642
1379,8685,1425,3,2.0,169162.30214637952
1380,9272,1749,3,2.5,209855.38472280517
1381,13426,1779,3,2.5,230227.12969493805
1382,8340,1388,3,1.5,151938.49340029957
1383,10385,1282,3,2.0,165369.83455213578
1384,7200,864,3,1.0,93222.40455263713
1385,9930,1762,3,2.5,213726.589208863
1386,9468,1755,3,2.5,211174.7115359363
1387,11088,1358,1,1.5,205516.76937968153
1388,8726,1909,4,2.5,197986.42517402163
1389,10566,2214,3,2.5,251794.7876754379
1390,21533,2049,4,2.5,264504.70346034487
1391,11250,1939,3,2.5,233281.71921176367
1392,11250,1995,4,2.5,215658.43390893232
1393,4435,848,1,1.0,123967.95544151653
1394,8810,1390,3,2.0,166970.77611863078
1395,8581,1737,3,2.5,205919.07572129503
1396,8400,1611,3,2.5,195291.05178132807
1397,8772,1336,3,2.0,162587.64810372074
1398,8777,1436,3,2.0,170420.8454387378
1399,7840,1012,4,2.0,111235.80704955937
1400,16133,1176,2,1.0,178361.0821626607
1401,7162,1724,3,2.5,198745.14300592747
1402,8050,914,2,1.0,122814.86396527506
1403,11060,2314,3,2.5,261750.23744689708
1404,3675,1072,2,1.0,116169.59754666287
1405,2522,1709,3,2.0,164599.63012304192
1406,6956,936,3,1.0,97787.7264635773
1407,7822,1338,3,2.0,158620.8927459964
1408,8707,1669,4,1.5,153483.8515987296
1409,16012,1482,3,2.0,205413.9223417926
1410,8248,1414,3,1.0,140733.94411075086
1411,8088,498,1,1.0,112481.67799587065
1412,11388,1273,3,1.0,143347.28419170034
1413,10890,1551,3,2.0,188574.45478033196
1414,6430,1340,3,1.0,127063.34414533929
1415,7000,1479,3,1.0,140395.11673209432
1416,4899,1510,3,1.0,133698.37342692827
1417,9399,1636,4,1.5,153909.326749213
1418,10164,1465,3,2.0,178705.7382350388
1419,6191,1288,4,1.0,99966.38533387383
1420,21780,1550,3,1.5,222922.51132647746
1421,12400,1717,2,1.5,217256.38094305614
1422,8170,1671,4,2.0,164145.7698927311
1423,12320,1609,3,1.5,186475.04112135604
1424,14210,1801,3,1.5,209675.6869196927
1425,15600,2315,4,2.0,246697.89830552047
1426,7288,976,2,1.0,124350.92414709221
1427,7000,1285,3,1.0,125240.81175212743
1428,8534,672,2,1.0,106011.59274115736
1429,7030,641,2,1.0,97062.69180629494
1430,9060,1638,4,2.0,165430.56198066962
1431,12366,729,2,1.0,127094.96699512817
1432,9000,1396,4,2.0,146266.3391708167
1433,8520,936,2,1.0,126573.18612631566
1434,5748,1778,2,2.0,205988.07729348828
1435,3842,1646,2,2.0,187404.89019004247
1436,23580,1625,3,2.0,249429.36658418714
1437,8385,1664,4,2.0,164532.06174837565
1438,9116,1491,3,2.0,176188.42377208444
1439,11080,1210,3,2.0,162761.84566539893
1440,50102,1650,2,1.0,362812.51448515966
1441,8098,1403,2,2.0,186893.92564877414
1442,13618,1960,3,2.0,232362.95700179698
1443,11577,1838,3,2.0,213975.02172768535
1444,31250,1600,3,1.5,267927.9135563908
1445,7020,1368,2,2.0,179481.3982283058
1446,2665,1304,3,1.5,120747.4233514086
1447,10172,874,3,1.0,106901.98832476424
1448,11836,1652,4,2.0,178571.968680901
1449,1470,630,1,1.0,94070.83694342119
1450,1484,1092,3,1.5,99061.52710421558
1451,13384,1360,3,1.0,158805.896067521
1452,1533,1092,3,1.5,99274.18634631304
1453,1526,1092,3,1.5,99243.80645458485
1454,1936,1092,3,1.5,101023.20011295145
1455,1894,1092,3,1.5,100840.9207625822
1456,20000,1224,4,1.0,154897.8734006615
1457,10441,970,3,1.0,115568.48167989393
1458,9627,2000,3,2.5,231002.93773688737
